LCLid,day,energy_median,energy_mean,energy_max,energy_count,energy_std,energy_sum,energy_min
MAC000002,2012-10-12,0.1385,0.15430434782608698,0.8859999999999999,46,0.19603388250959938,7.098000000000001,0.0
MAC000002,2012-10-13,0.18,0.2309791666666667,0.9329999999999999,48,0.19232900552243343,11.087000000000002,0.076
MAC000002,2012-10-14,0.158,0.27547916666666666,1.085,48,0.2746472390899211,13.223,0.07
MAC000002,2012-10-15,0.131,0.21368750000000003,1.1640000000000001,48,0.2244834407246434,10.257000000000001,0.07
MAC000002,2012-10-16,0.14500000000000002,0.20352083333333335,0.991,48,0.18411524947340044,9.769,0.087
MAC000002,2012-10-17,0.148,0.22677083333333337,0.784,48,0.1844085703901349,10.885000000000002,0.067
MAC000002,2012-10-18,0.166,0.22397916666666665,0.897,48,0.17424530148228526,10.751,0.102
MAC000002,2012-10-19,0.134,0.17564583333333336,0.8220000000000001,48,0.12222990015911736,8.431000000000001,0.07200000000000001
MAC000002,2012-10-20,0.23099999999999998,0.36204166458333326,1.4529999,48,0.29492154378551255,17.377999899999995,0.073
MAC000002,2012-10-21,0.385,0.5102083354166667,2.1600001,48,0.33551923072084977,24.4900001,0.23199999999999998
MAC000002,2012-10-22,0.39349999999999996,0.39343749999999994,1.126,48,0.19988155069568236,18.884999999999998,0.094
MAC000002,2012-10-23,0.1615,0.21843749999999995,0.6709999999999999,48,0.1507257487285674,10.484999999999998,0.07
MAC000002,2012-10-24,0.186,0.32368750208333325,1.8890001,48,0.32960603903662794,15.537000099999997,0.076
MAC000002,2012-10-25,0.176,0.27349999999999997,0.917,48,0.20554639171957306,13.127999999999998,0.073
MAC000002,2012-10-26,0.1885,0.3138541666666666,0.9620000000000001,48,0.25519529355889375,15.064999999999998,0.07200000000000001
MAC000002,2012-10-27,0.319,0.35179166666666667,1.228,48,0.2563256703702931,16.886,0.075
MAC000002,2012-10-28,0.313,0.40893749791666667,1.173,48,0.3206725872781288,19.6289999,0.07200000000000001
MAC000002,2012-10-29,0.1755,0.26622916666666674,1.058,48,0.24881183521683933,12.779000000000003,0.073
MAC000002,2012-10-30,0.22749999999999998,0.2908541666666668,0.893,48,0.2257790286308796,13.961000000000006,0.07
MAC000002,2012-10-31,0.2685,0.37129166875,1.4450001000000001,48,0.3183774733894966,17.8220001,0.085
MAC000002,2012-11-01,0.20500000000000002,0.2543541666666666,0.9640000000000001,48,0.15568127418288197,12.208999999999998,0.127
MAC000002,2012-11-02,0.26,0.3096595744680851,1.284,47,0.21113474747449631,14.554,0.136
MAC000002,2012-11-03,0.2665,0.2988958333333334,1.137,48,0.18476359128118441,14.347000000000003,0.139
MAC000002,2012-11-04,0.2675,0.30222916458333327,1.1109999,48,0.20354069682521958,14.506999899999997,0.127
MAC000002,2012-11-05,0.2025,0.31447916458333336,1.0779999,48,0.23969962703627637,15.094999900000001,0.132
MAC000002,2012-11-06,0.179,0.24297916666666683,1.156,48,0.2120563443374399,11.663000000000007,0.075
MAC000002,2012-11-07,0.194,0.2736874999999999,1.219,48,0.25404306522588194,13.136999999999997,0.073
MAC000002,2012-11-08,0.18600000000000003,0.18600000000000003,0.18600000000000003,1,,0.18600000000000003,0.18600000000000003
MAC000002,2012-11-09,0.243,0.35578723404255325,1.714,47,0.3408891147120126,16.722,0.078
MAC000002,2012-11-10,0.216,0.27593750000000006,1.062,48,0.22756270178717963,13.245000000000003,0.07400000000000001
MAC000002,2012-11-11,0.185,0.22289583333333338,1.149,48,0.1766894426138859,10.699000000000002,0.07400000000000001
MAC000002,2012-11-12,0.20500000000000002,0.2566875,1.124,48,0.22312091524361613,12.321,0.07400000000000001
MAC000002,2012-11-13,0.17300000000000001,0.21383333333333332,0.907,48,0.15489259605306102,10.264,0.075
MAC000002,2012-11-14,0.1745,0.22541666666666663,1.1540000000000001,48,0.1814445385438093,10.819999999999999,0.076
MAC000002,2012-11-15,0.154,0.2043333333333334,0.9620000000000001,48,0.1550635193572653,9.808000000000003,0.075
MAC000002,2012-11-16,0.217,0.27325000000000005,1.341,48,0.2313035676887235,13.116000000000003,0.07400000000000001
MAC000002,2012-11-17,0.162,0.20354166666666665,0.8059999999999999,48,0.14339114164949696,9.77,0.075
MAC000002,2012-11-18,0.23099999999999998,0.28706249999999994,1.207,48,0.23328171319836874,13.778999999999998,0.075
MAC000002,2012-11-19,0.136,0.21139583333333334,0.7959999999999999,48,0.15959759764407128,10.147,0.075
MAC000002,2012-11-20,0.198,0.23377083333333334,1.188,48,0.19012730780652962,11.221,0.077
MAC000002,2012-11-21,0.1965,0.2216041666666666,1.1740000000000002,48,0.18438324329450717,10.636999999999997,0.08
MAC000002,2012-11-22,0.1405,0.19666666666666663,0.971,48,0.14793893699095645,9.439999999999998,0.073
MAC000002,2012-11-23,0.15650000000000003,0.2093958333333333,1.011,48,0.17689734246026295,10.050999999999998,0.073
MAC000002,2012-11-24,0.1945,0.2296458333333334,1.0859999999999999,48,0.17763175985709614,11.023000000000003,0.073
MAC000002,2012-11-25,0.193,0.21968750000000004,0.917,48,0.16530335186649384,10.545000000000002,0.075
MAC000002,2012-11-26,0.136,0.20574999999999996,1.097,48,0.170666715148486,9.875999999999998,0.07400000000000001
MAC000002,2012-11-27,0.1935,0.22870833333333332,1.02,48,0.18592310905928155,10.978,0.073
MAC000002,2012-11-28,0.1975,0.22381249999999997,1.192,48,0.18752607265532947,10.742999999999999,0.075
MAC000002,2012-11-29,0.1515,0.22439583333333338,1.122,48,0.20532224175912583,10.771000000000003,0.071
MAC000002,2012-11-30,0.22099999999999997,0.2726666666666667,0.919,48,0.20731590996549853,13.088000000000003,0.073
MAC000002,2012-12-01,0.216,0.26631249999999995,1.156,48,0.22085647175716014,12.782999999999998,0.073
MAC000002,2012-12-02,0.23950000000000002,0.319875,1.327,48,0.2766594515422518,15.354000000000001,0.077
MAC000002,2012-12-03,0.134,0.21181250000000004,1.0270000000000001,48,0.20116137866389128,10.167000000000002,0.073
MAC000002,2012-12-04,0.16249999999999998,0.2321458333333333,0.966,48,0.19577538036417547,11.142999999999999,0.073
MAC000002,2012-12-05,0.1535,0.2440416666666667,1.0659999999999998,48,0.21821782581527593,11.714000000000002,0.07200000000000001
MAC000002,2012-12-06,0.14350000000000002,0.24687500000000004,0.983,48,0.2225289486307869,11.850000000000001,0.07400000000000001
MAC000002,2012-12-07,0.193,0.2759999979166667,1.124,48,0.24305860599644757,13.247999900000002,0.071
MAC000002,2012-12-08,0.228,0.2800416666666667,1.071,48,0.22376507041446095,13.442,0.073
MAC000002,2012-12-09,0.1925,0.23656250208333338,1.1440001,48,0.19726610141048484,11.355000100000002,0.07200000000000001
MAC000002,2012-12-10,0.18,0.21089583333333342,0.731,48,0.15204090149348087,10.123000000000005,0.073
MAC000002,2012-12-11,0.19399999999999998,0.2735957446808511,1.119,47,0.24436827691848076,12.859000000000002,0.07200000000000001
MAC000002,2012-12-12,0.16649999999999998,0.2493958333333333,0.895,48,0.20381611858495263,11.970999999999998,0.073
MAC000002,2012-12-13,0.1835,0.22754166666666667,1.0490000000000002,48,0.18185064696453088,10.922,0.08
MAC000002,2012-12-14,0.16499999999999998,0.22049999999999995,0.764,48,0.16266817811180148,10.583999999999998,0.073
MAC000002,2012-12-15,0.2655,0.29702083333333335,1.1540000000000001,48,0.19936308047030654,14.257,0.07200000000000001
MAC000002,2012-12-16,0.2905,0.3436874999999999,1.067,48,0.2529250293638876,16.496999999999996,0.073
MAC000002,2012-12-17,0.212,0.2542083333333333,1.4340000000000002,48,0.2035847837742231,12.201999999999998,0.083
MAC000002,2012-12-18,0.16599999999999998,0.2136458333333334,0.857,48,0.14719396518378336,10.255000000000003,0.078
MAC000002,2012-12-19,0.21949999999999997,0.2555208354166667,1.2180001,48,0.20383609245804346,12.265000100000002,0.073
MAC000002,2012-12-20,0.2175,0.2317083333333334,0.727,48,0.15559206870522557,11.122000000000003,0.073
MAC000002,2012-12-21,0.202,0.244,1.145,48,0.2086245737346333,11.712,0.083
MAC000002,2012-12-22,0.2565,0.3735833333333333,1.692,48,0.33674075092470374,17.932,0.078
MAC000002,2012-12-23,0.10900000000000001,0.16618750000000007,1.12,48,0.20330405446972713,7.977000000000003,0.069
MAC000002,2012-12-24,0.10450000000000001,0.10381250000000002,0.18600000000000003,48,0.02425367377304646,4.9830000000000005,0.073
MAC000002,2012-12-25,0.10200000000000001,0.10227083333333331,0.149,48,0.0193211818317588,4.908999999999999,0.073
MAC000002,2012-12-26,0.11099999999999999,0.15937500000000002,1.36,48,0.2485998771845437,7.65,0.073
MAC000002,2012-12-27,0.1995,0.27387500208333343,1.3710001,48,0.256657544393593,13.146000100000004,0.08900000000000001
MAC000002,2012-12-28,0.2295,0.23243750000000007,1.112,48,0.1695896055438264,11.157000000000004,0.07400000000000001
MAC000002,2012-12-29,0.175,0.225,1.2229999999999999,48,0.19369179290382404,10.8,0.075
MAC000002,2012-12-30,0.2225,0.23150000000000004,0.735,48,0.1421991411531056,11.112000000000002,0.07400000000000001
MAC000002,2012-12-31,0.17700000000000002,0.20902083333333335,1.168,48,0.17005199324853978,10.033000000000001,0.086
MAC000002,2013-01-01,0.1925,0.22499999999999995,0.8859999999999999,48,0.16406563294880988,10.799999999999997,0.076
MAC000002,2013-01-02,0.2365,0.27708333125,1.0779999,48,0.18962502227847908,13.2999999,0.073
MAC000002,2013-01-03,0.1955,0.209875,1.0979999999999999,48,0.15463238836645732,10.074,0.075
MAC000002,2013-01-04,0.1815,0.20535416666666673,0.662,48,0.13295023698431077,9.857000000000003,0.07200000000000001
MAC000002,2013-01-05,0.1975,0.23272916666666663,1.181,48,0.18677244541218663,11.170999999999998,0.075
MAC000002,2013-01-06,0.2035,0.21443750000000006,1.092,48,0.15239993665185483,10.293000000000003,0.078
MAC000002,2013-01-07,0.1455,0.19664583333333338,0.727,48,0.14442674497170035,9.439000000000002,0.077
MAC000002,2013-01-08,0.159,0.24250000208333333,1.2410001,48,0.2070392192109736,11.6400001,0.075
MAC000002,2013-01-09,0.22649999999999998,0.31789583333333327,1.143,48,0.28515783159233016,15.258999999999997,0.077
MAC000002,2013-01-10,0.1695,0.22374999999999998,1.095,48,0.19045438388345262,10.739999999999998,0.075
MAC000002,2013-01-11,0.21000000000000002,0.22872916458333337,1.1109999,48,0.17541739297983147,10.978999900000002,0.07400000000000001
MAC000002,2013-01-12,0.21649999999999997,0.22054166458333338,1.1289999,48,0.16939477591074426,10.585999900000003,0.07400000000000001
MAC000002,2013-01-13,0.158,0.21583333333333335,1.206,48,0.18441446536392145,10.360000000000001,0.071
MAC000002,2013-01-14,0.2195,0.2556875,1.0070000000000001,48,0.2072336697618868,12.273,0.07400000000000001
MAC000002,2013-01-15,0.13,0.2047916666666667,1.187,48,0.18611960902937721,9.830000000000002,0.073
MAC000002,2013-01-16,0.22849999999999998,0.3001666687499999,1.4220001,48,0.31773536730903484,14.408000099999997,0.07400000000000001
MAC000002,2013-01-17,0.17200000000000001,0.20535416666666675,1.016,48,0.15781965058233108,9.857000000000005,0.07400000000000001
MAC000002,2013-01-18,0.2375,0.3525416687500001,1.358,48,0.3123641524423515,16.922000100000005,0.07200000000000001
MAC000002,2013-01-19,0.185,0.3279583333333333,1.4609999999999999,48,0.35421143813801576,15.741999999999999,0.07400000000000001
MAC000002,2013-01-20,0.22100000000000003,0.24020833333333333,1.151,48,0.1910593044094384,11.53,0.073
MAC000002,2013-01-21,0.22599999999999998,0.25950000208333335,1.3710001,48,0.2303629985756527,12.4560001,0.07400000000000001
MAC000002,2013-01-22,0.194,0.22645833541666668,1.2920001,48,0.19585459922546156,10.8700001,0.07200000000000001
MAC000002,2013-01-23,0.20800000000000002,0.22895833333333335,0.927,48,0.16809229459896757,10.99,0.07400000000000001
MAC000002,2013-01-24,0.21100000000000002,0.25258333333333327,1.138,48,0.22400815271384544,12.123999999999997,0.075
MAC000002,2013-01-25,0.2225,0.23458333333333337,0.7559999999999999,48,0.15617445691568066,11.260000000000002,0.07200000000000001
MAC000002,2013-01-26,0.22049999999999997,0.3405833333333333,1.6030000000000002,48,0.3643636734429253,16.348,0.07400000000000001
MAC000002,2013-01-27,0.21000000000000002,0.2388750000000001,0.951,48,0.1751114690582678,11.466000000000005,0.07400000000000001
MAC000002,2013-01-28,0.148,0.20639583333333333,0.7959999999999999,48,0.15643647879303316,9.907,0.073
MAC000002,2013-01-29,0.1395,0.20595833333333335,0.912,48,0.17508441226574034,9.886000000000001,0.071
MAC000002,2013-01-30,0.167,0.21452083333333336,1.3019999999999998,48,0.18581264753043453,10.297,0.073
MAC000002,2013-01-31,0.1275,0.19183333125000002,1.0779999,48,0.15847400548189405,9.2079999,0.07400000000000001
MAC000002,2013-02-01,0.202,0.20735416458333333,1.3329999,48,0.18524594083688517,9.9529999,0.07400000000000001
MAC000002,2013-02-02,0.18200000000000002,0.31452083333333336,1.472,48,0.331505206119598,15.097000000000001,0.073
MAC000002,2013-02-03,0.1835,0.23520833333333332,1.4980000000000002,48,0.2505468876434139,11.29,0.07400000000000001
MAC000002,2013-02-04,0.1255,0.18329166666666666,0.73,48,0.12464280169421897,8.798,0.07400000000000001
MAC000002,2013-02-05,0.17400000000000002,0.29470833125,1.298,48,0.3039503647752146,14.1459999,0.08
MAC000002,2013-02-06,0.19149999999999998,0.2962916666666667,1.327,48,0.30465662391459,14.222,0.075
MAC000002,2013-02-07,0.16849999999999998,0.24341666666666664,1.383,48,0.2477027931995625,11.684,0.07200000000000001
MAC000002,2013-02-08,0.16899999999999998,0.20072916666666665,0.732,48,0.13872914673017445,9.635,0.07400000000000001
MAC000002,2013-02-09,0.1895,0.30720833541666664,1.3200001000000001,48,0.32454702046721856,14.7460001,0.07400000000000001
MAC000002,2013-02-10,0.2195,0.33064583333333336,1.501,48,0.35031387078929077,15.871000000000002,0.07400000000000001
MAC000002,2013-02-11,0.22299999999999998,0.23987499999999995,1.151,48,0.18671432553958503,11.513999999999998,0.073
MAC000002,2013-02-12,0.20750000000000002,0.22829166666666667,1.023,48,0.17110566081553402,10.958,0.073
MAC000002,2013-02-13,0.1505,0.2323125,0.838,48,0.18795961044749604,11.151,0.07400000000000001
MAC000002,2013-02-14,0.1535,0.20920833333333333,0.976,48,0.17310738990498442,10.042,0.073
MAC000002,2013-02-15,0.1285,0.23604166666666662,0.9490000000000001,48,0.21283236419357593,11.329999999999998,0.073
MAC000002,2013-02-16,0.19,0.22514583333333335,0.968,48,0.16477928365754912,10.807,0.075
MAC000002,2013-02-17,0.1375,0.19210416666666666,1.296,48,0.18940716466074536,9.221,0.075
MAC000002,2013-02-18,0.1345,0.1992291666666667,0.887,48,0.16583345138810437,9.563000000000002,0.067
MAC000002,2013-02-19,0.2105,0.23527083333333335,0.943,48,0.18439016676409503,11.293000000000001,0.068
MAC000002,2013-02-20,0.1915,0.22793750000000004,1.1740000000000002,48,0.20134160727268702,10.941000000000003,0.067
MAC000002,2013-02-21,0.20950000000000002,0.43116666875,2.8870001,48,0.5708343120983483,20.6960001,0.07
MAC000002,2013-02-22,0.241,0.5003750041666667,2.9939999999999998,48,0.5851143105420207,24.0180002,0.068
MAC000002,2013-02-23,0.231,0.2942708333333333,1.205,48,0.2546858506777732,14.124999999999998,0.069
MAC000002,2013-02-24,0.223,0.4114791666666668,1.8119999999999998,48,0.44638953457492053,19.751000000000005,0.065
MAC000002,2013-02-25,0.1375,0.23329166666666665,0.7909999999999999,48,0.19344788273158572,11.197999999999999,0.073
MAC000002,2013-02-26,0.20900000000000002,0.2328124979166666,1.1059999,48,0.18121441032024185,11.174999899999998,0.067
MAC000002,2013-02-27,0.239,0.3285208333333333,1.28,48,0.29552117608419265,15.769,0.076
MAC000002,2013-02-28,0.4985,0.6797500041666668,1.9780000000000002,48,0.5425459552905431,32.6280002,0.081
MAC000002,2013-03-01,0.33899999999999997,0.8184166666666665,2.5239999,48,0.7231873814015569,39.28399999999999,0.071
MAC000002,2013-03-02,0.4105,0.5477499999999998,1.642,48,0.45628385621979717,26.291999999999994,0.079
MAC000002,2013-03-03,0.302,0.49125000208333325,1.8619999999999999,48,0.49346756505863065,23.580000099999996,0.07200000000000001
MAC000002,2013-03-04,0.1755,0.5301458312499999,2.4649999,48,0.6266458093114256,25.446999899999998,0.07
MAC000002,2013-03-05,0.723,0.6844999979166667,2.3740001,48,0.5002245886812015,32.8559999,0.07200000000000001
MAC000002,2013-03-06,0.21250000000000002,0.34660416666666677,1.515,48,0.31304005179021854,16.637000000000004,0.079
MAC000002,2013-03-07,0.40549999999999997,0.5774583354166668,2.0450001,48,0.46425543784610807,27.718000100000005,0.071
MAC000002,2013-03-08,0.2365,0.39324999999999993,1.442,48,0.3772332931314633,18.875999999999998,0.075
MAC000002,2013-03-09,0.198,0.22620833333333332,1.155,48,0.18383005083133844,10.857999999999999,0.077
MAC000002,2013-03-10,0.273,0.39981250000000007,2.026,48,0.40171974227038826,19.191000000000003,0.075
MAC000002,2013-03-11,0.186,0.28454166666666664,1.6740000000000002,48,0.2555145795343388,13.658,0.077
MAC000002,2013-03-12,0.1965,0.33614583333333337,1.09,48,0.24436474217102605,16.135,0.091
MAC000002,2013-03-13,0.20650000000000002,0.26991666666666664,1.3230000000000002,48,0.21372171539458895,12.956,0.073
MAC000002,2013-03-14,0.154,0.2559583333333334,0.903,48,0.19153744796157016,12.286000000000003,0.067
MAC000002,2013-03-15,0.20700000000000002,0.2742708333333333,0.976,48,0.18782775490907727,13.165,0.07400000000000001
MAC000002,2013-03-16,0.1385,0.2635833333333332,1.0170000000000001,48,0.2063689974791935,12.651999999999996,0.07400000000000001
MAC000002,2013-03-17,0.3585,0.36214583541666673,1.4170001,48,0.2640465864012633,17.383000100000004,0.075
MAC000002,2013-03-18,0.16799999999999998,0.27697916250000004,1.0549998999999999,48,0.2326893954078786,13.294999800000001,0.07200000000000001
MAC000002,2013-03-19,0.126,0.26081249999999995,1.225,48,0.2284482953979145,12.518999999999998,0.07400000000000001
MAC000002,2013-03-20,0.27749999999999997,0.2919583333333334,1.061,48,0.18548853934124976,14.014000000000001,0.078
MAC000002,2013-03-21,0.203,0.22347916666666665,1.038,48,0.16761036244603367,10.726999999999999,0.073
MAC000002,2013-03-22,0.271,0.28174999999999994,0.9620000000000001,48,0.18323749267932113,13.523999999999997,0.073
MAC000002,2013-03-23,0.3725,0.5333125000000001,2.457,48,0.5360079477558587,25.599000000000004,0.08199999999999999
MAC000002,2013-03-24,0.188,0.32364583333333335,1.5719999999999998,48,0.29818860871141306,15.535,0.078
MAC000002,2013-03-25,0.10450000000000001,0.12043750000000003,0.415,48,0.07320734361779879,5.7810000000000015,0.065
MAC000002,2013-03-26,0.105,0.10385416666666668,0.133,48,0.011701953980013535,4.985,0.07
MAC000002,2013-03-27,0.10300000000000001,0.10618749999999999,0.19399999999999998,48,0.02546725578112562,5.0969999999999995,0.065
MAC000002,2013-03-28,0.10350000000000001,0.10268749999999999,0.127,48,0.013613441808460507,4.928999999999999,0.08
MAC000002,2013-03-29,0.10400000000000001,0.10085416666666665,0.139,48,0.023765690971984943,4.840999999999999,0.066
MAC000002,2013-03-30,0.1035,0.10272916666666669,0.18899999999999997,48,0.026018601842604294,4.931000000000001,0.066
MAC000002,2013-03-31,0.099,0.10277083333333337,0.138,48,0.016739861438880184,4.933000000000002,0.07200000000000001
MAC000002,2013-04-01,0.1065,0.10312500000000004,0.14300000000000002,48,0.027871761809813513,4.950000000000002,0.067
MAC000002,2013-04-02,0.135,0.25029166666666675,0.875,48,0.19640730132605658,12.014000000000003,0.069
MAC000002,2013-04-03,0.14700000000000002,0.2379375,1.0170000000000001,48,0.1811689473944142,11.421,0.071
MAC000002,2013-04-04,0.344,0.34379166666666666,1.2329999999999999,48,0.2662515974047243,16.502,0.077
MAC000002,2013-04-05,0.273,0.30322916666666666,1.1909999999999998,48,0.2231299821145507,14.555,0.073
MAC000002,2013-04-06,0.276,0.3474791687499999,1.1720001,48,0.26375577614208906,16.679000099999996,0.075
MAC000002,2013-04-07,0.258,0.2796666666666667,0.934,48,0.1800752009972067,13.424000000000001,0.07400000000000001
MAC000002,2013-04-08,0.209,0.29454167083333344,1.4960001,48,0.2873151704139557,14.138000200000004,0.073
MAC000002,2013-04-09,0.21,0.2838958333333334,1.271,48,0.22965573120627003,13.627000000000002,0.073
MAC000002,2013-04-10,0.3045,0.29029166874999995,1.1440001,48,0.20043198493044026,13.934000099999999,0.073
MAC000002,2013-04-11,0.14700000000000002,0.27529166666666666,0.956,48,0.20503989838340733,13.213999999999999,0.081
MAC000002,2013-04-12,0.196,0.2617291666666666,1.46,48,0.24871753949079392,12.562999999999999,0.08800000000000001
MAC000002,2013-04-13,0.6365000000000001,0.5407916666666667,1.4180000000000001,48,0.34442353679014953,25.958000000000002,0.079
MAC000002,2013-04-14,0.194,0.2631458354166667,1.5420001,48,0.23071601014904872,12.631000100000001,0.077
MAC000002,2013-04-15,0.2695,0.2903541666666667,0.988,48,0.1601490648146061,13.937000000000001,0.07400000000000001
MAC000002,2013-04-16,0.1785,0.22791666666666668,1.036,48,0.1631114790869394,10.940000000000001,0.075
MAC000002,2013-04-17,0.134,0.18852083333333333,0.894,48,0.14315844362897182,9.049,0.076
MAC000002,2013-04-18,0.1525,0.21554166666666674,0.6779999999999999,48,0.15706022131834455,10.346000000000004,0.073
MAC000002,2013-04-19,0.168,0.2146458333333333,0.87,48,0.14901884638532867,10.302999999999999,0.073
MAC000002,2013-04-20,0.2885,0.3734375000000001,1.681,48,0.2925419705294893,17.925000000000004,0.075
MAC000002,2013-04-21,0.22199999999999998,0.28291666666666665,0.841,48,0.20248675641834624,13.58,0.075
MAC000002,2013-04-22,0.1355,0.18685416666666665,0.898,48,0.1487699909089043,8.969,0.07400000000000001
MAC000002,2013-04-23,0.1305,0.17135416666666667,1.17,48,0.1637004905935452,8.225,0.073
MAC000002,2013-04-24,0.1315,0.17789583333333334,0.91,48,0.14458454635990423,8.539,0.07400000000000001
MAC000002,2013-04-25,0.132,0.19752083333333334,1.374,48,0.20744545446457532,9.481,0.073
MAC000002,2013-04-26,0.156,0.20800000000000005,0.8220000000000001,48,0.15516634862198972,9.984000000000002,0.07400000000000001
MAC000002,2013-04-27,0.165,0.20052083333333337,1.011,48,0.15917005352677466,9.625000000000002,0.073
MAC000002,2013-04-28,0.169,0.2055,0.748,48,0.14389875282235698,9.863999999999999,0.073
MAC000002,2013-04-29,0.1195,0.15772916666666667,1.178,48,0.16953638153246214,7.571000000000001,0.067
MAC000002,2013-04-30,0.12300000000000001,0.18000000000000005,0.9359999999999999,48,0.16513501890297255,8.640000000000002,0.07400000000000001
MAC000002,2013-05-01,0.126,0.1681041666666667,1.052,48,0.14753740810648716,8.069,0.075
MAC000002,2013-05-02,0.1365,0.19464583333333327,0.877,48,0.15198900990270867,9.342999999999996,0.073
MAC000002,2013-05-03,0.126,0.16893749791666665,1.1059999,48,0.159818821960762,8.108999899999999,0.075
MAC000002,2013-05-04,0.14850000000000002,0.19481250000000006,0.917,48,0.1447644684644241,9.351000000000003,0.073
MAC000002,2013-05-05,0.129,0.183875,0.94,48,0.15701112916239748,8.826,0.075
MAC000002,2013-05-06,0.1305,0.15454166666666666,0.753,48,0.10405255593767566,7.418,0.075
MAC000002,2013-05-07,0.129,0.15847916666666667,1.005,48,0.13609461502053874,7.607,0.07400000000000001
MAC000002,2013-05-08,0.137,0.17866666666666667,0.617,48,0.11684875354779684,8.576,0.073
MAC000002,2013-05-09,0.128,0.17481250000000004,1.166,48,0.16983203921096038,8.391000000000002,0.073
MAC000002,2013-05-10,0.182,0.25633333541666664,1.3980000000000001,48,0.2686821615122483,12.304000099999998,0.07400000000000001
MAC000002,2013-05-11,0.184,0.21064583333333334,1.092,48,0.16309017080148253,10.111,0.073
MAC000002,2013-05-12,0.19399999999999998,0.25843749999999993,0.857,48,0.18652840822370215,12.404999999999998,0.069
MAC000002,2013-05-13,0.1275,0.17166666875000003,1.0700001000000001,48,0.15976411110941588,8.240000100000001,0.075
MAC000002,2013-05-14,0.1595,0.20316666666666663,0.752,48,0.14009758503747782,9.751999999999999,0.073
MAC000002,2013-05-15,0.1285,0.17375,0.631,48,0.12011209303653408,8.34,0.07400000000000001
MAC000002,2013-05-16,0.139,0.19195833333333331,0.8270000000000001,48,0.14103809027281042,9.213999999999999,0.073
MAC000002,2013-05-17,0.1315,0.20079166666666667,1.068,48,0.18168454756168737,9.638,0.068
MAC000002,2013-05-18,0.159,0.20237499999999997,0.688,48,0.13663565856499305,9.713999999999999,0.073
MAC000002,2013-05-19,0.164,0.22389583333333332,1.071,48,0.1879678831307425,10.747,0.099
MAC000002,2013-05-20,0.149,0.19491666666666663,0.8909999999999999,48,0.15728451430359033,9.355999999999998,0.07400000000000001
MAC000002,2013-05-21,0.156,0.22706249999999997,1.141,48,0.18662596638674703,10.899,0.073
MAC000002,2013-05-22,0.1475,0.21858333333333332,1.232,48,0.20110205235400483,10.491999999999999,0.077
MAC000002,2013-05-23,0.143,0.19631249999999997,1.054,48,0.16899832005333973,9.422999999999998,0.075
MAC000002,2013-05-24,0.154,0.2154583333333334,0.935,48,0.17997280625946746,10.342000000000002,0.07400000000000001
MAC000002,2013-05-25,0.16549999999999998,0.19456249999999997,1.05,48,0.14610967991146168,9.338999999999999,0.075
MAC000002,2013-05-26,0.175,0.2482708333333334,1.12,48,0.20946281237848297,11.917000000000003,0.079
MAC000002,2013-05-27,0.156,0.23252083333333337,0.9129999999999999,48,0.1914584549772339,11.161000000000001,0.078
MAC000002,2013-05-28,0.14500000000000002,0.2537916666666666,1.391,48,0.2592800964974294,12.181999999999997,0.07400000000000001
MAC000002,2013-05-29,0.1585,0.2312291666666666,0.78,48,0.18613301576221664,11.098999999999997,0.073
MAC000002,2013-05-30,0.155,0.23814583333333325,1.3219999999999998,48,0.24582271674394918,11.430999999999996,0.073
MAC000002,2013-05-31,0.135,0.21037500000000006,0.997,48,0.17245099519771076,10.098000000000003,0.073
MAC000002,2013-06-01,0.214,0.2615625,1.051,48,0.19493936932483893,12.554999999999998,0.07400000000000001
MAC000002,2013-06-02,0.178,0.2517083333333333,0.998,48,0.19473145265334582,12.081999999999999,0.075
MAC000002,2013-06-03,0.1275,0.2227916666666667,1.5130000000000001,48,0.25285232073147124,10.694,0.071
MAC000002,2013-06-04,0.14100000000000001,0.2305208333333333,1.247,48,0.23632181354402643,11.065,0.07400000000000001
MAC000002,2013-06-05,0.15,0.20041666666666666,0.983,48,0.17181333677871302,9.62,0.079
MAC000002,2013-06-06,0.14400000000000002,0.1946458333333333,0.662,48,0.1413109577873568,9.342999999999998,0.077
MAC000002,2013-06-07,0.162,0.2479166666666666,1.095,48,0.2432065782751611,11.899999999999997,0.077
MAC000002,2013-06-08,0.158,0.19995833333333327,0.946,48,0.14361324515655638,9.597999999999997,0.075
MAC000002,2013-06-09,0.1575,0.19237500000000005,0.603,48,0.12903283847244204,9.234000000000002,0.075
MAC000002,2013-06-10,0.134,0.17166666666666672,0.731,48,0.11806441324022604,8.240000000000002,0.073
MAC000002,2013-06-11,0.134,0.19418749999999993,1.0290000000000001,48,0.15510417312656868,9.320999999999996,0.07200000000000001
MAC000002,2013-06-12,0.14700000000000002,0.1953125,0.9890000000000001,48,0.15210804618022664,9.375,0.075
MAC000002,2013-06-13,0.135,0.17977083333333335,0.873,48,0.15171042399330031,8.629000000000001,0.076
MAC000002,2013-06-14,0.145,0.18252083333333335,0.856,48,0.1336939963615441,8.761000000000001,0.073
MAC000002,2013-06-15,0.21450000000000002,0.2891875,0.89,48,0.21874123994617814,13.880999999999998,0.076
MAC000002,2013-06-16,0.158,0.24208333333333332,1.0,48,0.21558607239320696,11.62,0.08
MAC000002,2013-06-17,0.185,0.2552708333333334,0.887,48,0.20342814504152434,12.253000000000004,0.084
MAC000002,2013-06-18,0.145,0.21120833333333336,1.148,48,0.17894203962763833,10.138000000000002,0.079
MAC000002,2013-06-19,0.1805,0.23479166666666665,0.816,48,0.16573446569910366,11.27,0.08800000000000001
MAC000002,2013-06-20,0.1365,0.18160416666666665,0.986,48,0.1450678109351056,8.716999999999999,0.084
MAC000002,2013-06-21,0.147,0.22391666666666674,0.961,48,0.20654058725683233,10.748000000000003,0.08
MAC000002,2013-06-22,0.14850000000000002,0.17045833333333335,0.84,48,0.1184755937400473,8.182,0.076
MAC000002,2013-06-23,0.1865,0.23243750000000005,0.9740000000000001,48,0.16582391407370475,11.157000000000002,0.075
MAC000002,2013-06-24,0.123,0.15939583333333335,0.894,48,0.13601669790848872,7.651000000000001,0.075
MAC000002,2013-06-25,0.166,0.19591666666666666,0.8079999999999999,48,0.13494440673033253,9.404,0.079
MAC000002,2013-06-26,0.137,0.18452083333333336,0.677,48,0.12722989572128174,8.857000000000001,0.077
MAC000002,2013-06-27,0.132,0.18104166666666668,0.9309999999999999,48,0.15105303539997497,8.690000000000001,0.078
MAC000002,2013-06-28,0.135,0.21752083333333336,0.9179999999999999,48,0.17868848319022324,10.441,0.076
MAC000002,2013-06-29,0.152,0.18564583333333332,0.887,48,0.13059576898156589,8.911,0.075
MAC000002,2013-06-30,0.126,0.15820833333333334,0.9129999999999999,48,0.12787975707477528,7.594,0.087
MAC000002,2013-07-01,0.132,0.162625,1.0070000000000001,48,0.145356293732537,7.806,0.077
MAC000002,2013-07-02,0.1365,0.18662500000000004,0.8390000000000001,48,0.14815972189326412,8.958000000000002,0.079
MAC000002,2013-07-03,0.138,0.19704166458333336,1.1289999,48,0.18551766161691643,9.4579999,0.084
MAC000002,2013-07-04,0.156,0.19520833333333332,0.982,48,0.15403549719841567,9.37,0.08199999999999999
MAC000002,2013-07-05,0.1605,0.19037500000000007,0.9570000000000001,48,0.1497789328423869,9.138000000000003,0.079
MAC000002,2013-07-06,0.14400000000000002,0.19656250000000008,0.991,48,0.16279747322128205,9.435000000000004,0.076
MAC000002,2013-07-07,0.14,0.2210416666666667,1.122,48,0.2195628110910051,10.610000000000001,0.079
MAC000002,2013-07-08,0.1195,0.1542708333333334,0.98,48,0.14523725850781283,7.405000000000004,0.069
MAC000002,2013-07-09,0.106,0.1081666666666667,0.18600000000000003,48,0.024330467139076353,5.192000000000002,0.071
MAC000002,2013-07-10,0.11,0.11183333333333338,0.192,48,0.02538916952320446,5.368000000000002,0.073
MAC000002,2013-07-11,0.1095,0.12595833333333337,0.425,48,0.0652816999978549,6.046000000000001,0.071
MAC000002,2013-07-12,0.105,0.10406250000000002,0.157,48,0.020017445848506055,4.995000000000001,0.071
MAC000002,2013-07-13,0.16749999999999998,0.24127083333333332,1.179,48,0.19903402249346488,11.581,0.076
MAC000002,2013-07-14,0.2105,0.2699375,1.0170000000000001,48,0.21075683338660448,12.956999999999999,0.08800000000000001
MAC000002,2013-07-15,0.1295,0.15325000000000003,0.6990000000000001,48,0.10343638192813485,7.356000000000002,0.08800000000000001
MAC000002,2013-07-16,0.1565,0.22368750000000004,0.9590000000000001,48,0.17978996685257792,10.737000000000002,0.084
MAC000002,2013-07-17,0.1385,0.19514583333333327,1.546,48,0.2192738489499679,9.366999999999997,0.083
MAC000002,2013-07-18,0.1855,0.2420833333333333,0.973,48,0.1837026776039621,11.619999999999997,0.087
MAC000002,2013-07-19,0.142,0.17731249999999998,0.853,48,0.13977415769581467,8.511,0.084
MAC000002,2013-07-20,0.14900000000000002,0.19466666666666663,0.902,48,0.15956727832502737,9.343999999999998,0.086
MAC000002,2013-07-21,0.146,0.18587500000000004,1.068,48,0.15918938607299757,8.922000000000002,0.09300000000000001
MAC000002,2013-07-22,0.14200000000000002,0.17116666666666666,0.784,48,0.11900819448512749,8.216,0.081
MAC000002,2013-07-23,0.1615,0.19847916666666665,0.639,48,0.12595152555955857,9.527,0.087
MAC000002,2013-07-24,0.14700000000000002,0.17218750000000005,0.78,48,0.11407866943100685,8.265000000000002,0.07200000000000001
MAC000002,2013-07-25,0.1535,0.2024374999999999,0.828,48,0.16613835637036622,9.716999999999995,0.081
MAC000002,2013-07-26,0.1715,0.21137499999999998,1.006,48,0.1540250912137508,10.145999999999999,0.08800000000000001
MAC000002,2013-07-27,0.152,0.1839791666666667,0.843,48,0.12686523081908668,8.831000000000001,0.095
MAC000002,2013-07-28,0.14600000000000002,0.16987499999999997,0.96,48,0.13057966102092783,8.153999999999998,0.085
MAC000002,2013-07-29,0.141,0.14127083333333332,0.41,48,0.05925305974084783,6.780999999999999,0.075
MAC000002,2013-07-30,0.1465,0.18422916666666667,1.033,48,0.16061758993035435,8.843,0.087
MAC000002,2013-07-31,0.1445,0.17697916666666672,0.737,48,0.11906416821396044,8.495000000000003,0.086
MAC000002,2013-08-01,0.1375,0.165,0.9279999999999999,48,0.13092453567820353,7.920000000000001,0.077
MAC000002,2013-08-02,0.1495,0.18431250000000002,0.872,48,0.12278837637309334,8.847000000000001,0.081
MAC000002,2013-08-03,0.14150000000000001,0.16137500000000002,0.809,48,0.11705074822304415,7.746,0.077
MAC000002,2013-08-04,0.1435,0.18927083333333336,1.0490000000000002,48,0.1645144680416755,9.085,0.077
MAC000002,2013-08-05,0.155,0.19925000000000012,0.9229999999999999,48,0.15579576101080597,9.564000000000005,0.083
MAC000002,2013-08-06,0.1465,0.18218750000000003,0.89,48,0.13385490020358104,8.745000000000001,0.08
MAC000002,2013-08-07,0.142,0.18300000000000002,0.7929999999999999,48,0.12957376934444587,8.784,0.077
MAC000002,2013-08-08,0.1375,0.1729791666666667,0.915,48,0.13958974686228934,8.303000000000003,0.083
MAC000002,2013-08-09,0.1535,0.19543750000000001,1.266,48,0.18479648452145772,9.381,0.075
MAC000002,2013-08-10,0.14900000000000002,0.17837499999999998,0.802,48,0.12150468426308648,8.562,0.094
MAC000002,2013-08-11,0.14550000000000002,0.17847916666666666,0.853,48,0.12702621434651065,8.567,0.095
MAC000002,2013-08-12,0.1345,0.1671041666666667,1.0959999999999999,48,0.15110447838010896,8.021,0.08900000000000001
MAC000002,2013-08-13,0.123,0.1606041666666667,0.865,48,0.12530180409686478,7.709000000000001,0.083
MAC000002,2013-08-14,0.1395,0.19275,1.1,48,0.1634476297153754,9.252,0.075
MAC000002,2013-08-15,0.14,0.2097499979166667,1.0829999,48,0.1977463895546897,10.067999900000002,0.078
MAC000002,2013-08-16,0.157,0.1895416666666667,1.036,48,0.15713322147394596,9.098,0.076
MAC000002,2013-08-17,0.1555,0.18129166666666666,1.214,48,0.1624684530207337,8.702,0.08
MAC000002,2013-08-18,0.14300000000000002,0.17633333333333337,0.899,48,0.13182634181817804,8.464000000000002,0.077
MAC000002,2013-08-19,0.1395,0.17704166666666668,0.7829999999999999,48,0.1268433375053792,8.498000000000001,0.075
MAC000002,2013-08-20,0.135,0.1713541666666667,0.965,48,0.15581733571695117,8.225000000000001,0.079
MAC000002,2013-08-21,0.1545,0.19929166666666664,0.9359999999999999,48,0.14986234227185183,9.565999999999999,0.077
MAC000002,2013-08-22,0.14500000000000002,0.16706250000000003,0.927,48,0.13010427998422175,8.019000000000002,0.075
MAC000002,2013-08-23,0.1395,0.17041666666666666,1.182,48,0.16067369249815885,8.18,0.081
MAC000002,2013-08-24,0.1535,0.18656249999999996,0.9359999999999999,48,0.13442246934927748,8.954999999999998,0.075
MAC000002,2013-08-25,0.1385,0.18562500000000004,1.04,48,0.16193991859341705,8.910000000000002,0.084
MAC000002,2013-08-26,0.1265,0.1645625,0.831,48,0.11973248661521999,7.899,0.079
MAC000002,2013-08-27,0.1555,0.21666666666666667,1.196,48,0.20769539206858878,10.4,0.08
MAC000002,2013-08-28,0.138,0.16535416666666664,0.914,48,0.12754498406833925,7.9369999999999985,0.076
MAC000002,2013-08-29,0.1445,0.20625000000000004,1.114,48,0.22256192062129204,9.900000000000002,0.078
MAC000002,2013-08-30,0.142,0.16762500000000002,0.965,48,0.13615660960976347,8.046000000000001,0.075
MAC000002,2013-08-31,0.1395,0.177875,1.0490000000000002,48,0.15456508991773207,8.538,0.077
MAC000002,2013-09-01,0.1365,0.16774999999999995,1.13,48,0.1537985003938733,8.051999999999998,0.07400000000000001
MAC000002,2013-09-02,0.1405,0.18966666666666668,0.769,48,0.14338674577954624,9.104000000000001,0.075
MAC000002,2013-09-03,0.1065,0.11920833333333335,0.6629999999999999,48,0.0844312532467847,5.722,0.069
MAC000002,2013-09-04,0.10600000000000001,0.10564583333333331,0.19,48,0.024965073119991556,5.070999999999999,0.067
MAC000002,2013-09-05,0.10500000000000001,0.10527083333333331,0.168,48,0.027424743900612534,5.052999999999999,0.065
MAC000002,2013-09-06,0.10350000000000001,0.10500000000000005,0.162,48,0.0200753898242536,5.040000000000003,0.065
MAC000002,2013-09-07,0.099,0.09964583333333334,0.132,48,0.020079087865327597,4.783,0.066
MAC000002,2013-09-08,0.098,0.09818750000000005,0.126,48,0.01931888751697719,4.713000000000003,0.066
MAC000002,2013-09-09,0.09699999999999999,0.09520833333333334,0.12300000000000001,48,0.018943317839812065,4.57,0.065
MAC000002,2013-09-10,0.0975,0.09475000000000001,0.11900000000000001,48,0.01782360376197333,4.548000000000001,0.066
MAC000002,2013-09-11,0.096,0.1040625,0.505,48,0.061923908781046796,4.995,0.066
MAC000002,2013-09-12,0.1765,0.2288541666666667,1.446,48,0.21122006166639237,10.985000000000001,0.073
MAC000002,2013-09-13,0.14750000000000002,0.2609375,1.751,48,0.2739201938638022,12.524999999999999,0.07400000000000001
MAC000002,2013-09-14,0.16849999999999998,0.27575,1.072,48,0.22311532176995516,13.235999999999999,0.07400000000000001
MAC000002,2013-09-15,0.1725,0.24220833333333333,0.978,48,0.19547835036390326,11.626,0.07200000000000001
MAC000002,2013-09-16,0.14500000000000002,0.25327083125,1.2869999,48,0.2375630385509283,12.156999899999999,0.073
MAC000002,2013-09-17,0.152,0.28393749999999995,1.38,48,0.28977529124287604,13.628999999999998,0.07400000000000001
MAC000002,2013-09-18,0.184,0.30437500208333335,1.423,48,0.2853963055242921,14.6100001,0.08
MAC000002,2013-09-19,0.28200000000000003,0.4576875000000001,1.375,48,0.38236076070876734,21.969000000000005,0.081
MAC000002,2013-09-20,0.285,0.40756249791666677,1.3329999,48,0.3373620325537194,19.562999900000005,0.08199999999999999
MAC000002,2013-09-21,0.1895,0.3382500020833334,1.08,48,0.300610624490192,16.236000100000002,0.09
MAC000002,2013-09-22,0.1815,0.2676458354166667,1.0700001000000001,48,0.25441485386004464,12.8470001,0.083
MAC000002,2013-09-23,0.1825,0.2507083333333333,0.982,48,0.1969488494274088,12.033999999999999,0.083
MAC000002,2013-09-24,0.21150000000000002,0.2757083333333333,1.244,48,0.2312001029166131,13.233999999999998,0.085
MAC000002,2013-09-25,0.14,0.1955,0.875,48,0.1714618002243363,9.384,0.077
MAC000002,2013-09-26,0.151,0.2322916666666666,1.403,48,0.22523915973474548,11.149999999999997,0.086
MAC000002,2013-09-27,0.157,0.18735416666666668,0.507,48,0.10646055899048895,8.993,0.077
MAC000002,2013-09-28,0.1975,0.26495833333333335,1.465,48,0.24759403615109282,12.718000000000002,0.08800000000000001
MAC000002,2013-09-29,0.3085,0.30612500000000004,0.89,48,0.15478545549903114,14.694,0.08199999999999999
MAC000002,2013-09-30,0.2975,0.3806458333333334,1.068,48,0.19699837882293664,18.271000000000004,0.23600000000000002
MAC000002,2013-10-01,0.2925,0.41754166666666664,1.965,48,0.3238923486995321,20.041999999999998,0.157
MAC000002,2013-10-02,0.149,0.19539583333333335,0.8029999999999999,48,0.14552176697360628,9.379000000000001,0.079
MAC000002,2013-10-03,0.134,0.1681666666666667,0.9159999999999999,48,0.1419248127787016,8.072000000000001,0.078
MAC000002,2013-10-04,0.13699999999999998,0.18139583125,1.1109999,48,0.16398503390753752,8.7069999,0.079
MAC000002,2013-10-05,0.1475,0.18097916666666666,1.021,48,0.14050660461243916,8.687,0.079
MAC000002,2013-10-06,0.1415,0.17975000000000005,0.745,48,0.12357502674101492,8.628000000000002,0.08199999999999999
MAC000002,2013-10-07,0.132,0.20197916666666668,1.176,48,0.19804829516133696,9.695,0.077
MAC000002,2013-10-08,0.17600000000000002,0.21593750000000003,1.075,48,0.15749183109514645,10.365000000000002,0.078
MAC000002,2013-10-09,0.1785,0.209875,1.2109999999999999,48,0.167454360247673,10.074,0.079
MAC000002,2013-10-10,0.13,0.2309166666666667,1.204,48,0.22596674895038354,11.084000000000001,0.076
MAC000002,2013-10-11,0.1745,0.24279166666666666,0.9209999999999999,48,0.18587183394070836,11.654,0.075
MAC000002,2013-10-12,0.11299999999999999,0.12310416666666668,0.48700000000000004,48,0.06473061677619758,5.909000000000001,0.075
MAC000002,2013-10-13,0.2385,0.29449999791666664,1.5779999,48,0.25708404716017585,14.135999899999998,0.09300000000000001
MAC000002,2013-10-14,0.132,0.21791666666666665,1.141,48,0.1911784098614776,10.459999999999999,0.08
MAC000002,2013-10-15,0.185,0.42441666249999993,1.405,48,0.4103312457451323,20.371999799999998,0.081
MAC000002,2013-10-16,0.44,0.4605833333333334,1.5230000000000001,48,0.3684547279175865,22.108000000000004,0.084
MAC000002,2013-10-17,0.1995,0.33514583124999997,1.4529999,48,0.335361975146825,16.0869999,0.079
MAC000002,2013-10-18,0.22099999999999997,0.3471250000000001,1.274,48,0.3072203191002918,16.662000000000003,0.084
MAC000002,2013-10-19,0.16499999999999998,0.279625,1.2329999999999999,48,0.27105135141958425,13.422,0.084
MAC000002,2013-10-20,0.2515,0.38752083125,1.3119999999999998,48,0.33830106852841113,18.600999899999998,0.077
MAC000002,2013-10-21,0.147,0.256125,1.069,48,0.24720037741828932,12.294,0.079
MAC000002,2013-10-22,0.1575,0.231,1.115,48,0.19767413545981996,11.088000000000001,0.08
MAC000002,2013-10-23,0.14300000000000002,0.1907291666666667,0.809,48,0.15112693545681183,9.155000000000001,0.083
MAC000002,2013-10-24,0.1325,0.192875,1.074,48,0.17553124532431938,9.258,0.076
MAC000002,2013-10-25,0.14400000000000002,0.2851250020833333,1.1950001000000001,48,0.28203483382169303,13.6860001,0.083
MAC000002,2013-10-26,0.17700000000000002,0.2432708333333334,0.9059999999999999,48,0.19364716099388835,11.677000000000003,0.084
MAC000002,2013-10-27,0.15949999999999998,0.20856249999999996,0.9990000000000001,48,0.1547168871182925,10.010999999999997,0.099
MAC000002,2013-10-28,0.1405,0.3162500041666667,1.9170001,48,0.3818962060866862,15.180000200000002,0.096
MAC000002,2013-10-29,0.1805,0.24504166666666663,0.9670000000000001,48,0.21186637281333254,11.761999999999999,0.075
MAC000002,2013-10-30,0.16999999999999998,0.21660416666666668,0.9420000000000001,48,0.1697285366474426,10.397,0.076
MAC000002,2013-10-31,0.137,0.1983125,0.7140000000000001,48,0.13304728902544868,9.519,0.077
MAC000002,2013-11-01,0.14300000000000002,0.1955,0.96,48,0.15168991326793632,9.384,0.075
MAC000002,2013-11-02,0.15350000000000003,0.2773333312500001,1.235,48,0.2884907359157657,13.311999900000005,0.075
MAC000002,2013-11-03,0.22649999999999998,0.33749999999999997,1.036,48,0.2918117288704876,16.2,0.076
MAC000002,2013-11-04,0.1295,0.2028333333333333,1.219,48,0.1944906422660947,9.735999999999999,0.076
MAC000002,2013-11-05,0.23299999999999998,0.44797916666666665,1.5390000000000001,48,0.40918385242901817,21.503,0.075
MAC000002,2013-11-06,0.16,0.24222916666666672,1.052,48,0.2054916511824112,11.627000000000002,0.08
MAC000002,2013-11-07,0.1315,0.2465416666666667,0.754,48,0.2003939692400982,11.834000000000001,0.076
MAC000002,2013-11-08,0.504,0.545625,1.675,48,0.3802609756134175,26.19,0.077
MAC000002,2013-11-09,0.20800000000000002,0.25420833333333326,0.7909999999999999,48,0.12426395350963196,12.201999999999996,0.14
MAC000002,2013-11-10,0.299,0.5324166666666666,1.795,48,0.4133482295416883,25.556,0.12
MAC000002,2013-11-11,0.2405,0.5970624958333334,2.095,48,0.5839795720692199,28.6589998,0.08
MAC000002,2013-11-12,0.2615,0.3803958354166666,1.306,48,0.3204930918659197,18.259000099999998,0.076
MAC000002,2013-11-13,0.22999999999999998,0.2556250000000001,0.738,48,0.18428939141262052,12.270000000000005,0.078
MAC000002,2013-11-14,0.1545,0.2542083333333333,1.273,48,0.23779384584250152,12.202,0.076
MAC000002,2013-11-15,0.215,0.28708333333333336,1.12,48,0.27162308313319056,13.780000000000001,0.081
MAC000002,2013-11-16,0.124,0.20714583333333328,1.143,48,0.18938961188157202,9.942999999999998,0.07400000000000001
MAC000002,2013-11-17,0.14950000000000002,0.18945833333333337,0.55,48,0.12153485767962077,9.094000000000001,0.076
MAC000002,2013-11-18,0.1635,0.21591666666666665,1.276,48,0.18932330035348952,10.363999999999999,0.075
MAC000002,2013-11-19,0.14150000000000001,0.23010416666666664,0.998,48,0.1757867711701871,11.044999999999998,0.07400000000000001
MAC000002,2013-11-20,0.173,0.35029166666666667,1.76,48,0.3596974472332259,16.814,0.075
MAC000002,2013-11-21,0.124,0.24437500208333338,1.0880001,48,0.2464863475881385,11.730000100000002,0.075
MAC000002,2013-11-22,0.1945,0.24016666666666675,1.175,48,0.19853016634847867,11.528000000000004,0.07200000000000001
MAC000002,2013-11-23,0.231,0.23362500000000005,1.171,48,0.18439176898138676,11.214000000000002,0.07400000000000001
MAC000002,2013-11-24,0.247,0.29877083333333326,1.1540000000000001,48,0.2389289255649705,14.340999999999996,0.07400000000000001
MAC000002,2013-11-25,0.1295,0.19916666666666671,1.016,48,0.15815953880911532,9.560000000000002,0.07400000000000001
MAC000002,2013-11-26,0.1365,0.22147916666666667,1.169,48,0.19266407647833114,10.631,0.07400000000000001
MAC000002,2013-11-27,0.1635,0.2292291666666667,1.117,48,0.18175108528849587,11.003000000000002,0.075
MAC000002,2013-11-28,0.192,0.21902083333333333,1.084,48,0.17960364039140184,10.513,0.07400000000000001
MAC000002,2013-11-29,0.1355,0.2397916666666667,0.956,48,0.19566449338505748,11.510000000000002,0.07400000000000001
MAC000002,2013-11-30,0.12,0.16370833333333334,0.9940000000000001,48,0.14245401771491237,7.8580000000000005,0.073
MAC000002,2013-12-01,0.2375,0.269125,1.136,48,0.1922491319184673,12.918000000000001,0.076
MAC000002,2013-12-02,0.127,0.18877083333333333,0.9440000000000001,48,0.14512653900198622,9.061,0.075
MAC000002,2013-12-03,0.1235,0.30502083125000007,2.2620001,48,0.41432752602338246,14.640999900000002,0.075
MAC000002,2013-12-04,0.255,0.3544791666666667,1.476,48,0.34260255427395087,17.015,0.075
MAC000002,2013-12-05,0.15050000000000002,0.21864583333333334,0.884,48,0.1711221399783796,10.495000000000001,0.077
MAC000002,2013-12-06,0.21650000000000003,0.30518749999999994,1.141,48,0.24991067819216548,14.648999999999997,0.08
MAC000002,2013-12-07,0.21649999999999997,0.24499999791666668,1.3559999,48,0.20585068839000398,11.7599999,0.07400000000000001
MAC000002,2013-12-08,0.15749999999999997,0.38083333333333336,2.352,48,0.4845691810623757,18.28,0.076
MAC000002,2013-12-09,0.137,0.24004166666666668,0.927,48,0.184011905065063,11.522,0.07400000000000001
MAC000002,2013-12-10,0.238,0.268375,0.9790000000000001,48,0.18529741762561994,12.882,0.075
MAC000002,2013-12-11,0.167,0.26947916666666666,1.1909999999999998,48,0.21064753151998006,12.934999999999999,0.078
MAC000002,2013-12-12,0.14950000000000002,0.2686875000000001,1.359,48,0.23025704011229842,12.897000000000004,0.073
MAC000002,2013-12-13,0.23399999999999999,0.260125,1.043,48,0.1799231070987968,12.486,0.077
MAC000002,2013-12-14,0.197,0.23816666874999992,1.1440001,48,0.18587703827572738,11.432000099999996,0.077
MAC000002,2013-12-15,0.2205,0.2544583333333334,0.8370000000000001,48,0.16334455924658464,12.214000000000004,0.075
MAC000002,2013-12-16,0.193,0.2584583333333334,1.226,48,0.2031965779504668,12.406000000000002,0.07400000000000001
MAC000002,2013-12-17,0.35,0.38493750208333344,1.4140000000000001,48,0.3388196334935325,18.477000100000005,0.079
MAC000002,2013-12-18,0.2555,0.30075,1.075,48,0.2233840791294461,14.436000000000002,0.07400000000000001
MAC000002,2013-12-19,0.16699999999999998,0.25152083541666664,1.0470001,48,0.1877467816117904,12.0730001,0.076
MAC000002,2013-12-20,0.1635,0.27439583333333334,0.93,48,0.20409861400212562,13.171,0.078
MAC000002,2013-12-21,0.12,0.2343125,1.122,48,0.20052188889378614,11.247,0.07400000000000001
MAC000002,2013-12-22,0.133,0.25052083333333336,0.8009999999999999,48,0.18677463830559116,12.025,0.075
MAC000002,2013-12-23,0.111,0.14002083333333332,0.528,48,0.09492314687186018,6.720999999999999,0.07400000000000001
MAC000002,2013-12-24,0.0995,0.09960416666666667,0.127,48,0.018010327514043727,4.781000000000001,0.07400000000000001
MAC000002,2013-12-25,0.0955,0.09687500000000003,0.12300000000000001,48,0.015654004993624654,4.650000000000001,0.075
MAC000002,2013-12-26,0.098,0.09804166666666671,0.185,48,0.020036093318334114,4.706000000000002,0.07400000000000001
MAC000002,2013-12-27,0.11099999999999999,0.19004166666666666,0.78,48,0.17630799433164743,9.122,0.073
MAC000002,2013-12-28,0.197,0.2845416645833334,1.2029999,48,0.23252434020270293,13.657999900000004,0.076
MAC000002,2013-12-29,0.3175,0.31212500000000004,1.187,48,0.21796111550535896,14.982000000000001,0.079
MAC000002,2013-12-30,0.249,0.31420833333333337,1.306,48,0.27739640261617876,15.082,0.076
MAC000002,2013-12-31,0.267,0.28637500000000005,0.833,48,0.18441299914951537,13.746000000000002,0.076
MAC000002,2014-01-01,0.36150000000000004,0.32283333333333336,1.205,48,0.2022641345909946,15.496,0.076
MAC000002,2014-01-02,0.3065,0.29572916666666677,1.101,48,0.18128591964937754,14.195000000000004,0.075
MAC000002,2014-01-03,0.14900000000000002,0.23712500000000006,0.9,48,0.1731961899487571,11.382000000000003,0.077
MAC000002,2014-01-04,0.14250000000000002,0.3369999979166667,1.7069999999999999,48,0.36682437664654716,16.1759999,0.07400000000000001
MAC000002,2014-01-05,0.264,0.300375,1.09,48,0.21333727417681023,14.418,0.07400000000000001
MAC000002,2014-01-06,0.251,0.2979583333333333,1.182,48,0.21924259936400708,14.302,0.07400000000000001
MAC000002,2014-01-07,0.2655,0.34358333333333335,0.9670000000000001,48,0.24689060660787743,16.492,0.073
MAC000002,2014-01-08,0.178,0.2724791666666667,1.092,48,0.19710435615762545,13.079000000000002,0.075
MAC000002,2014-01-09,0.152,0.30368749791666666,1.4299998999999999,48,0.29782638406898504,14.576999899999999,0.073
MAC000002,2014-01-10,0.3205,0.31174999791666674,1.1569999,48,0.21752215983713696,14.963999900000005,0.07200000000000001
MAC000002,2014-01-11,0.198,0.301375,1.531,48,0.31219011017906545,14.466000000000001,0.073
MAC000002,2014-01-12,0.3415,0.33404166666666674,0.8340000000000001,48,0.1979093880707149,16.034000000000002,0.07200000000000001
MAC000002,2014-01-13,0.1275,0.38054166875000006,1.972,48,0.4508702716840792,18.266000100000003,0.07200000000000001
MAC000002,2014-01-14,0.17149999999999999,0.3860833333333334,1.406,48,0.40401642231912566,18.532000000000004,0.07200000000000001
MAC000002,2014-01-15,0.205,0.40448936170212774,1.7890000000000001,47,0.4345535876466104,19.011000000000003,0.075
MAC000002,2014-01-16,0.2,0.3292083333333334,1.47,48,0.3207016216701187,15.802000000000003,0.08
MAC000002,2014-01-17,0.3145,0.3102916666666667,1.057,48,0.19969806552865382,14.894000000000002,0.081
MAC000002,2014-01-18,0.158,0.25772916666666673,1.0,48,0.20104479648833357,12.371000000000002,0.07400000000000001
MAC000002,2014-01-19,0.3415,0.3083333333333334,1.01,48,0.19031455857520135,14.800000000000002,0.075
MAC000002,2014-01-20,0.185,0.260125,1.038,48,0.191590279258586,12.485999999999999,0.07400000000000001
MAC000002,2014-01-21,0.2085,0.33385416666666673,1.53,48,0.3555458488304531,16.025000000000002,0.075
MAC000002,2014-01-22,0.1865,0.29408333125,1.1569999,48,0.2545594230707512,14.115999900000002,0.076
MAC000002,2014-01-23,0.174,0.2621875,0.96,48,0.1719732359496056,12.585,0.11
MAC000002,2014-01-24,0.3565,0.30291666666666667,1.155,48,0.2061189321348167,14.540000000000001,0.07400000000000001
MAC000002,2014-01-25,0.261,0.2924791666666667,1.107,48,0.19018781194402745,14.039,0.07400000000000001
MAC000002,2014-01-26,0.3435,0.5008333333333334,2.5039999,48,0.5469233979049416,24.04,0.075
MAC000002,2014-01-27,0.197,0.4714375020833334,2.4100001,48,0.5283553806118976,22.629000100000003,0.075
MAC000002,2014-01-28,0.274,0.29002083333333345,1.051,48,0.19289468955589534,13.921000000000005,0.09
MAC000002,2014-01-29,0.1755,0.42299999791666654,1.652,48,0.4634932989256008,20.303999899999994,0.075
MAC000002,2014-01-30,0.21300000000000002,0.295125,1.16,48,0.24306286946104771,14.166000000000002,0.07400000000000001
MAC000002,2014-01-31,0.39,0.4494583354166666,1.6269999999999998,48,0.44370625011002757,21.574000099999996,0.075
MAC000002,2014-02-01,0.13,0.23802083333333343,0.799,48,0.19576032779834712,11.425000000000004,0.076
MAC000002,2014-02-02,0.34450000000000003,0.5681666708333333,2.447,48,0.6540420528512468,27.272000199999997,0.076
MAC000002,2014-02-03,0.277,0.3639166666666666,0.841,48,0.2538338234536091,17.467999999999996,0.079
MAC000002,2014-02-04,0.28400000000000003,0.5075625,2.0050001,48,0.5622847358143275,24.363,0.083
MAC000002,2014-02-05,0.2395,0.3545416666666667,1.068,48,0.24978168836800588,17.018,0.099
MAC000002,2014-02-06,0.1955,0.27816666875,1.4400001,48,0.23505422185843716,13.352000100000001,0.073
MAC000002,2014-02-07,0.2215,0.3471458333333333,1.595,48,0.37867973273238364,16.663,0.077
MAC000002,2014-02-08,0.33399999999999996,0.35774999999999996,1.087,48,0.2562539050039769,17.171999999999997,0.073
MAC000002,2014-02-09,0.192,0.2636875,0.84,48,0.18112792660954394,12.657000000000002,0.08199999999999999
MAC000002,2014-02-10,0.15150000000000002,0.22595833333333334,0.9329999999999999,48,0.17610852050059306,10.846,0.073
MAC000002,2014-02-11,0.37949999999999995,0.3247083333333333,1.112,48,0.2018668149867823,15.585999999999999,0.07200000000000001
MAC000002,2014-02-12,0.226,0.2877500000000001,0.9990000000000001,48,0.2109196176423212,13.812000000000005,0.073
MAC000002,2014-02-13,0.139,0.24422916666666664,1.158,48,0.2041906951412564,11.722999999999999,0.07200000000000001
MAC000002,2014-02-14,0.302,0.2811875,1.016,48,0.18742574770894024,13.497,0.073
MAC000002,2014-02-15,0.2255,0.261875,0.95,48,0.17002685958025401,12.570000000000002,0.084
MAC000002,2014-02-16,0.2875,0.4570833333333333,2.398,48,0.5379604448930274,21.939999999999998,0.075
MAC000002,2014-02-17,0.178,0.26910416666666664,0.9790000000000001,48,0.19552702806945582,12.916999999999998,0.076
MAC000002,2014-02-18,0.20650000000000002,0.35554166875,1.5880001,48,0.37511343428066807,17.0660001,0.075
MAC000002,2014-02-19,0.2885,0.31243750000000003,1.082,48,0.20653400175994927,14.997000000000002,0.075
MAC000002,2014-02-20,0.1315,0.2474166666666667,0.763,48,0.1817604026503881,11.876000000000001,0.075
MAC000002,2014-02-21,0.21400000000000002,0.27256249999999993,1.151,48,0.1978830415631867,13.082999999999997,0.092
MAC000002,2014-02-22,0.22749999999999998,0.2652916666666667,1.0859999999999999,48,0.18533947672097725,12.734000000000002,0.077
MAC000002,2014-02-23,0.301,0.310125,1.063,48,0.21040605373137083,14.886,0.095
MAC000002,2014-02-24,0.1345,0.26099999999999995,0.8909999999999999,48,0.20585256033322655,12.527999999999999,0.075
MAC000002,2014-02-25,0.1925,0.24637499999999998,0.802,48,0.1662911603182803,11.825999999999999,0.075
MAC000002,2014-02-26,0.1515,0.2568333333333333,1.028,48,0.19609499796514537,12.328,0.076
MAC000002,2014-02-27,0.21800000000000003,0.4274583333333333,1.35,48,0.40668127318960856,20.517999999999997,0.08
MAC000002,2014-02-28,1.3869999999999998,1.3869999999999998,1.3869999999999998,1,,1.3869999999999998,1.3869999999999998
